RISK_BAND,Risk_Category,Loans,Total_EAD,Mean_PD,Total_EL,EL_Rate,Total_RWA,Total_Capital,Total_Revenue,Total_NetIncome,Portfolio_RAROC,NPA_Proxy
1,Very Low,182,123811078.5,0.03821289636813187,2085893.9522199081,0.01719580336565934,92858308.875,9750122.431875,14857329.42,9057103.112780092,0.9289219880122432,0.016847393444035852
2,Low,1798,1087553209.5,0.0804112011323693,39178937.0976136,0.03618504050956619,815664907.125,85644815.248125,130506385.14,58700851.757386394,0.6853987785170862,0.03602484619177946
3,Medium,9120,5777843373.0,0.15517383956754388,404594293.8285053,0.06982822780539474,5777843373.0,606673554.165,693341204.76,115411609.74149472,0.19023675739474488,0.07002514047355178
4,High,16979,10704257293.5,0.27338573937334354,1315603491.3551579,0.12302358271800459,16056385940.25,1685920523.72625,1284510875.22,-352220334.94015783,-0.20891870641782953,0.12290469626080815
5,Very High,33424,18903073450.5,0.5548873138615965,4642160469.627802,0.24969929123771842,28354610175.75,2977234068.45375,2268368814.06,-2940883859.082802,-0.9877906108370488,0.2455770212068352
