Strategy,Loans_Approved,Approval_Rate,Total_EAD,Mean_PD,EL_Rate,Actual_Default_Rate,Total_Capital,Capital_Intensity,Portfolio_RAROC,Net_Income,vs_Hurdle
A_Aggressive,28079,0.4565468351137343,17693464954.5,0.2211095826935076,0.09955441858127974,0.026247373481961607,2387989015.57125,0.13496446409519747,-0.07079210550223433,-169050770.32849663,-0.21079210550223434
B_Conservative,1980,0.03219355153407151,1211364288.0,0.07653236705808081,0.03406475777650918,0.009595959595959595,95394937.67999999,0.07874999999999999,0.710288790139566,67757954.8701665,0.570288790139566
C_RAROC_Gated,7531,0.1224493114157033,4681805229.0,0.12093655800570974,0.054493869582704156,0.012747311114061877,459791236.485,0.09820810862377718,0.361539702931408,166232787.04925168,0.221539702931408
D_RiskBased_Pricing,28079,0.4565468351137343,17693464954.5,0.2211095826935076,0.09955441858127974,0.026247373481961607,2387989015.57125,0.13496446409519747,0.4732067295967792,1130012472.3715034,0.33320672959677916
